REGION,TECHNOLOGY,EMISSION,YEAR,VALUE
"SC","PWRDIE","CO2",2019,113.4585
"SC","PWRDIE","CO2",2020,90.7668000000002
"SC","PWRDIE","CO2",2021,90.7668000000002
"SC","PWRDIE","CO2",2022,90.7668
"SC","PWRDIE","CO2",2023,113.4585
"SC","PWRDIE","CO2",2024,113.4585
"SC","PWRDIE","CO2",2025,102.11265
"SC","PWRDIE","CO2",2026,102.11265
"SC","PWRDIE","CO2",2027,102.11265
"SC","PWRDIE","CO2",2028,102.11265
"SC","PWRDIE","CO2",2029,102.11265
"SC","PWRDIE","CO2",2030,45.3834
"SC","PWRDIE","CO2",2031,45.3834
"SC","PWRDIE","CO2",2032,45.3834
"SC","PWRDIE","CO2",2033,45.3834
"SC","PWRDIE","CO2",2034,45.3833999999999
"SC","PWRDIE","CO2",2035,45.3834
"SC","PWRDIE","CO2",2036,45.3833999999999
"SC","TXD_neta","CO2",2019,3.879277064676
"SC","TXD_neta","CO2",2020,1.560195869505
"SC","TXD_neta","CO2",2021,1.819058211906
"SC","TXD_neta","CO2",2022,4.04118443987699
"SC","TXD_neta","CO2",2023,4.207917303369
"SC","TXD_neta","CO2",2024,4.392755022981
"SC","TXD_neta","CO2",2025,4.57729346833199
"SC","TXD_neta","CO2",2026,4.348427805579
"SC","TXD_neta","CO2",2027,4.13100629163301
"SC","TXD_neta","CO2",2028,3.92445758472301
"SC","TXD_neta","CO2",2029,3.72823260314701
"SC","TXD_neta","CO2",2030,3.54182183865901
"SC","TXD_neta","CO2",2031,3.36473062305899
"SC","TXD_neta","CO2",2032,3.19649396823899
"SC","TXD_neta","CO2",2033,3.03666914615999
"SC","TXD_neta","CO2",2034,2.884835688852
"SC","TXD_neta","CO2",2035,2.740595388414
"SC","TXD_neta","CO2",2036,2.603564876991
"SC","TXD_neta","CO2",2037,2.473385520138
"SC","TXD_neta","CO2",2038,2.349715996797
"SC","TXD_neta","CO2",2039,2.232232299297
"SC","TXD_neta","CO2",2040,2.120620313331
"SC","TXD_neta","CO2",2041,2.014588184661
"SC","TXD_neta","CO2",2042,1.913858899095
"SC","TXD_neta","CO2",2043,1.818165335805
"SC","TXD_neta","CO2",2044,1.72725768735
"SC","TXD_neta","CO2",2045,1.640896039653
"SC","TXD_neta","CO2",2046,1.558850372001
"SC","TXD_neta","CO2",2047,1.480907977068
"SC","TXD_neta","CO2",2048,1.406863567551
"SC","TXD_neta","CO2",2049,1.33651927617
"SC","TXD_neta","CO2",2050,1.269694549032
"SC","TXD_Camion","CO2",2019,0.728077874160004
"SC","TXD_Camion","CO2",2020,0.29282315928
"SC","TXD_Camion","CO2",2021,0.3414072528
"SC","TXD_Camion","CO2",2022,0.758464292880002
"SC","TXD_Camion","CO2",2023,0.789756132000002
"SC","TXD_Camion","CO2",2024,0.824447760960002
"SC","TXD_Camion","CO2",2025,0.85908327936
"SC","TXD_Camion","CO2",2026,0.816128095200001
"SC","TXD_Camion","CO2",2027,0.775322965680001
"SC","TXD_Camion","CO2",2028,0.736555669680001
"SC","TXD_Camion","CO2",2029,0.699729288960001
"SC","TXD_Camion","CO2",2030,0.66474180432
"SC","TXD_Camion","CO2",2031,0.63150394896
"SC","TXD_Camion","CO2",2032,0.599929006559999
"SC","TXD_Camion","CO2",2033,0.569932811279999
"SC","TXD_Camion","CO2",2034,0.54143629824
"SC","TXD_Camion","CO2",2035,0.51436550352
"SC","TXD_Camion","CO2",2036,0.488646463199998
"SC","TXD_Camion","CO2",2037,0.464212864800001
"SC","TXD_Camion","CO2",2038,0.4410034968
"SC","TXD_Camion","CO2",2039,0.41895204672
"SC","TXD_Camion","CO2",2040,0.39800495448
"SC","TXD_Camion","CO2",2041,0.37810610952
"SC","TXD_Camion","CO2",2042,0.35919940128
"SC","TXD_Camion","CO2",2043,0.34123892112
"SC","TXD_Camion","CO2",2044,0.3241787604
"SC","TXD_Camion","CO2",2045,0.307967909520001
"SC","TXD_Camion","CO2",2046,0.292570661760001
"SC","TXD_Camion","CO2",2047,0.277941108480001
"SC","TXD_Camion","CO2",2048,0.264046093440001
"SC","TXD_Camion","CO2",2049,0.250842258480001
"SC","TXD_Camion","CO2",2050,0.238301548320001
"SC","TXD_Especial","CO2",2019,1.06888069344
"SC","TXD_Especial","CO2",2020,0.42989070488
"SC","TXD_Especial","CO2",2021,0.501217377360001
"SC","TXD_Especial","CO2",2022,1.113493071264
"SC","TXD_Especial","CO2",2023,1.159433750048
"SC","TXD_Especial","CO2",2024,1.210363280112
"SC","TXD_Especial","CO2",2025,1.261209405232
"SC","TXD_Especial","CO2",2026,1.198149089424
"SC","TXD_Especial","CO2",2027,1.138242716128
"SC","TXD_Especial","CO2",2028,1.0813296536
"SC","TXD_Especial","CO2",2029,1.027261626384
"SC","TXD_Especial","CO2",2030,0.975899626240001
"SC","TXD_Especial","CO2",2031,0.927104644928
"SC","TXD_Especial","CO2",2032,0.880750030496
"SC","TXD_Especial","CO2",2033,0.836712220064
"SC","TXD_Especial","CO2",2034,0.794876917968
"SC","TXD_Especial","CO2",2035,0.755132917616001
"SC","TXD_Especial","CO2",2036,0.717375190560002
"SC","TXD_Especial","CO2",2037,0.681507975567999
"SC","TXD_Especial","CO2",2038,0.647432422335999
"SC","TXD_Especial","CO2",2039,0.615058947776
"SC","TXD_Especial","CO2",2040,0.584307236016
"SC","TXD_Especial","CO2",2041,0.55509079304
"SC","TXD_Especial","CO2",2042,0.527338570192
"SC","TXD_Especial","CO2",2043,0.5009702516
"SC","TXD_Especial","CO2",2044,0.475920966752
"SC","TXD_Especial","CO2",2045,0.452125845136
"SC","TXD_Especial","CO2",2046,0.42952001624
"SC","TXD_Especial","CO2",2047,0.408044787696
"SC","TXD_Especial","CO2",2048,0.387641467136
"SC","TXD_Especial","CO2",2049,0.368260629408
"SC","TXD_Especial","CO2",2050,0.349846671216
"SC","TXD_Bus_furgo","CO2",2019,15.0857011199999
"SC","TXD_Bus_furgo","CO2",2020,6.0672804192
"SC","TXD_Bus_furgo","CO2",2021,7.07393668352
"SC","TXD_Bus_furgo","CO2",2022,15.7153267936
"SC","TXD_Bus_furgo","CO2",2023,16.36371057216
"SC","TXD_Bus_furgo","CO2",2024,17.0825115104
"SC","TXD_Bus_furgo","CO2",2025,17.8001371072
"SC","TXD_Bus_furgo","CO2",2026,18.6901461152
"SC","TXD_Bus_furgo","CO2",2027,19.624650192
"SC","TXD_Bus_furgo","CO2",2028,20.60588377792
"SC","TXD_Bus_furgo","CO2",2029,21.63618033472
"SC","TXD_Bus_furgo","CO2",2030,22.71798956672
"SC","TXD_Bus_furgo","CO2",2031,23.85388603136
"SC","TXD_Bus_furgo","CO2",2032,25.0465820550401
"SC","TXD_Bus_furgo","CO2",2033,26.298910512
"SC","TXD_Bus_furgo","CO2",2034,27.61385496128
"SC","TXD_Bus_furgo","CO2",2035,28.99454964672
"SC","TXD_Bus_furgo","CO2",2036,30.4442751916799
"SC","TXD_Bus_furgo","CO2",2037,31.966488736
"SC","TXD_Bus_furgo","CO2",2038,33.56481532544
"SC","TXD_Bus_furgo","CO2",2039,35.2430565222401
"SC","TXD_Bus_furgo","CO2",2040,37.00520762624
"SC","TXD_Bus_furgo","CO2",2041,38.8554705907199
"SC","TXD_Bus_furgo","CO2",2042,40.79824110656
"SC","TXD_Bus_furgo","CO2",2043,42.8381559603201
"SC","TXD_Bus_furgo","CO2",2044,44.9800628972801
"SC","TXD_Bus_furgo","CO2",2045,47.2290636742399
"SC","TXD_Bus_furgo","CO2",2046,49.5905183647999
"SC","TXD_Bus_furgo","CO2",2047,52.0700453593599
"SC","TXD_Bus_furgo","CO2",2048,54.6735471967999
"SC","TXD_Bus_furgo","CO2",2049,57.4072234803199
"SC","TXD_Bus_furgo","CO2",2050,60.27758379328
"SC","TXG_auto","CO2",2019,0.0588344505600001
"SC","TXG_auto","CO2",2020,0.0236624553599993
"SC","TXG_auto","CO2",2021,0.02758859016
"SC","TXG_auto","CO2",2022,0.06129013956
"SC","TXG_auto","CO2",2023,0.0638188315199998
"SC","TXG_auto","CO2",2024,0.06662202648
"SC","TXG_auto","CO2",2025,0.0694207700400001
"SC","TXG_auto","CO2",2026,0.0722156557199999
"SC","TXG_auto","CO2",2027,0.0758263346399999
"SC","TXG_auto","CO2",2028,0.0796177404000001
"SC","TXG_auto","CO2",2029,0.0835984790399999
"SC","TXG_auto","CO2",2030,0.0877783436399998
"SC","TXG_auto","CO2",2031,0.09216742404
"SC","TXG_auto","CO2",2032,0.0967758100799997
"SC","TXG_auto","CO2",2033,0.10161448188
"SC","TXG_auto","CO2",2034,0.10669530984
"SC","TXG_auto","CO2",2035,0.1120298676
"SC","TXG_auto","CO2",2036,0.11763150936
"SC","TXG_auto","CO2",2037,0.1235129958
"SC","TXG_auto","CO2",2038,0.1296885714
"SC","TXG_auto","CO2",2039,0.13617307416
"SC","TXG_auto","CO2",2040,0.14298163884
"SC","TXG_auto","CO2",2041,0.150130884
"SC","TXG_auto","CO2",2042,0.1576374282
"SC","TXG_auto","CO2",2043,0.1655193738
"SC","TXG_auto","CO2",2044,0.17379511992
"SC","TXG_auto","CO2",2045,0.182485143
"SC","TXG_auto","CO2",2046,0.191609325959999
"SC","TXG_auto","CO2",2047,0.20118962904
"SC","TXG_auto","CO2",2048,0.21124919952
"SC","TXG_auto","CO2",2049,0.2218117782
"SC","TXG_auto","CO2",2050,0.23290229292
"SC","TXG_moto","CO2",2019,0.0482102362349999
"SC","TXG_moto","CO2",2020,0.0193895449650001
"SC","TXG_moto","CO2",2021,0.022606591455
"SC","TXG_moto","CO2",2022,0.0502223907150001
"SC","TXG_moto","CO2",2023,0.052294424175
"SC","TXG_moto","CO2",2024,0.0545915556900001
"SC","TXG_moto","CO2",2025,0.0568848930300001
"SC","TXG_moto","CO2",2026,0.05404064148
"SC","TXG_moto","CO2",2027,0.051338637
"SC","TXG_moto","CO2",2028,0.04877170515
"SC","TXG_moto","CO2",2029,0.0463330854
"SC","TXG_moto","CO2",2030,0.04401643113
"SC","TXG_moto","CO2",2031,0.0418156026750001
"SC","TXG_moto","CO2",2032,0.0397248742800001
"SC","TXG_moto","CO2",2033,0.037738589175
"SC","TXG_moto","CO2",2034,0.0358517114550001
"SC","TXG_moto","CO2",2035,0.0340590672450001
"SC","TXG_moto","CO2",2036,0.0323561725200001
"SC","TXG_moto","CO2",2037,0.0307383363000001
"SC","TXG_moto","CO2",2038,0.029201419485
"SC","TXG_moto","CO2",2039,0.02774135196
"SC","TXG_moto","CO2",2040,0.026354270565
"SC","TXG_moto","CO2",2041,0.02503658808
"SC","TXG_moto","CO2",2042,0.023784717285
"SC","TXG_moto","CO2",2043,0.02259548487
"SC","TXG_moto","CO2",2044,0.021465717525
"SC","TXG_moto","CO2",2045,0.020392448895
"SC","TXG_moto","CO2",2046,0.019372850595
"SC","TXG_moto","CO2",2047,0.018404163225
"SC","TXG_moto","CO2",2048,0.01748397231
"SC","TXG_moto","CO2",2049,0.01660979439
"SC","TXG_moto","CO2",2050,0.015779283975
"SC","TXG_neta","CO2",2019,15.8203082804049
"SC","TXG_neta","CO2",2020,6.362728175849
"SC","TXG_neta","CO2",2021,7.418404729347
"SC","TXG_neta","CO2",2022,16.48059469971
"SC","TXG_neta","CO2",2023,17.160547615546
"SC","TXG_neta","CO2",2024,17.914355173054
"SC","TXG_neta","CO2",2025,18.666924591083
"SC","TXG_neta","CO2",2026,17.733579244113
"SC","TXG_neta","CO2",2027,16.846899903657
"SC","TXG_neta","CO2",2028,16.00455402589
"SC","TXG_neta","CO2",2029,15.20432758543
"SC","TXG_neta","CO2",2030,14.444109945324
"SC","TXG_neta","CO2",2031,13.721906465393
"SC","TXG_neta","CO2",2032,13.035810763873
"SC","TXG_neta","CO2",2033,12.384019847429
"SC","TXG_neta","CO2",2034,11.764818981141
"SC","TXG_neta","CO2",2035,11.176576645166
"SC","TXG_neta","CO2",2036,10.617749578076
"SC","TXG_neta","CO2",2037,10.086862603506
"SC","TXG_neta","CO2",2038,9.58251871683002
"SC","TXG_neta","CO2",2039,9.10339152015401
"SC","TXG_neta","CO2",2040,8.64822270064701
"SC","TXG_neta","CO2",2041,8.21581194386501
"SC","TXG_neta","CO2",2042,7.805021977089
"SC","TXG_neta","CO2",2043,7.41477100431799
"SC","TXG_neta","CO2",2044,7.044032706269
"SC","TXG_neta","CO2",2045,6.69182867536999
"SC","TXG_neta","CO2",2046,6.35723850243601
"SC","TXG_neta","CO2",2047,6.03937708164799
"SC","TXG_neta","CO2",2048,5.73740721889801
"SC","TXG_neta","CO2",2049,5.45053711012
"SC","TXG_neta","CO2",2050,5.17801025461401
"STC","PWRDIE","CO2",2019,221.8340592
"STC","PWRDIE","CO2",2020,173.98180224
"STC","PWRDIE","CO2",2021,212.74830252
"STC","PWRDIE","CO2",2022,226.917
"STC","PWRDIE","CO2",2023,241.97284537569
"STC","PWRDIE","CO2",2024,204.225299999999
"STC","PWRDIE","CO2",2025,211.03281
"STC","PWRDIE","CO2",2026,211.03281
"STC","PWRDIE","CO2",2027,211.03281
"STC","PWRDIE","CO2",2028,211.03281
"STC","PWRDIE","CO2",2029,211.03281
"STC","PWRDIE","CO2",2030,68.0751
"STC","PWRDIE","CO2",2031,68.0751
"STC","PWRDIE","CO2",2032,68.0751
"STC","PWRDIE","CO2",2033,68.0751
"STC","PWRDIE","CO2",2034,68.0751
"STC","PWRDIE","CO2",2035,68.0751
"STC","PWRDIE","CO2",2036,56.7292500000001
"STC","PWRDIE","CO2",2037,56.7292499999999
"STC","PWRDIE","CO2",2038,56.7292499999999
"STC","PWRDIE","CO2",2039,56.7292499999999
"STC","PWRDIE","CO2",2040,56.7292500000001
"STC","TXD_neta","CO2",2019,6.90004105920004
"STC","TXD_neta","CO2",2020,2.7751103173
"STC","TXD_neta","CO2",2021,3.23554294055
"STC","TXD_neta","CO2",2022,7.18802699700001
"STC","TXD_neta","CO2",2023,7.48458913299999
"STC","TXD_neta","CO2",2024,7.81336043494999
"STC","TXD_neta","CO2",2025,8.14159639705002
"STC","TXD_neta","CO2",2026,7.7345148286
"STC","TXD_neta","CO2",2027,7.3477896252
"STC","TXD_neta","CO2",2028,6.98040122
"STC","TXD_neta","CO2",2029,6.631381159
"STC","TXD_neta","CO2",2030,6.29981210105
"STC","TXD_neta","CO2",2031,5.98482243755
"STC","TXD_neta","CO2",2032,5.68558091214999
"STC","TXD_neta","CO2",2033,5.40130200104999
"STC","TXD_neta","CO2",2034,5.1312351524
"STC","TXD_neta","CO2",2035,4.8746755469
"STC","TXD_neta","CO2",2036,4.63093988645001
"STC","TXD_neta","CO2",2037,4.39939329565001
"STC","TXD_neta","CO2",2038,4.17942511045
"STC","TXD_neta","CO2",2039,3.9704515683
"STC","TXD_neta","CO2",2040,3.7719292589
"STC","TXD_neta","CO2",2041,3.583333603
"STC","TXD_neta","CO2",2042,3.40416692285
"STC","TXD_neta","CO2",2043,3.23395844219999
"STC","TXD_neta","CO2",2044,3.07226159614999
"STC","TXD_neta","CO2",2045,2.91864865084999
"STC","TXD_neta","CO2",2046,2.77271608379999
"STC","TXD_neta","CO2",2047,2.63407920355
"STC","TXD_neta","CO2",2048,2.50237483985
"STC","TXD_neta","CO2",2049,2.37725596335
"STC","TXD_neta","CO2",2050,2.25839437575
"STC","TXD_Camion","CO2",2019,2.06824934386798
"STC","TXD_Camion","CO2",2020,0.831823007652
"STC","TXD_Camion","CO2",2021,0.96983651592
"STC","TXD_Camion","CO2",2022,2.154569512383
"STC","TXD_Camion","CO2",2023,2.243462962896
"STC","TXD_Camion","CO2",2024,2.342010335958
"STC","TXD_Camion","CO2",2025,2.440395850131
"STC","TXD_Camion","CO2",2026,2.31837619479299
"STC","TXD_Camion","CO2",2027,2.202457796559
"STC","TXD_Camion","CO2",2028,2.092336141248
"STC","TXD_Camion","CO2",2029,1.987717688163
"STC","TXD_Camion","CO2",2030,1.888333586946
"STC","TXD_Camion","CO2",2031,1.793914987239
"STC","TXD_Camion","CO2",2032,1.704220472394
"STC","TXD_Camion","CO2",2033,1.619008625763
"STC","TXD_Camion","CO2",2034,1.538059977666
"STC","TXD_Camion","CO2",2035,1.461155058423
"STC","TXD_Camion","CO2",2036,1.388099088693
"STC","TXD_Camion","CO2",2037,1.318691802393
"STC","TXD_Camion","CO2",2038,1.252757623779
"STC","TXD_Camion","CO2",2039,1.190120977107
"STC","TXD_Camion","CO2",2040,1.130614516746
"STC","TXD_Camion","CO2",2041,1.07408461392
"STC","TXD_Camion","CO2",2042,1.020380383224
"STC","TXD_Camion","CO2",2043,0.969361912736999
"STC","TXD_Camion","CO2",2044,0.920892033908999
"STC","TXD_Camion","CO2",2045,0.874847295044999
"STC","TXD_Camion","CO2",2046,0.831104244450002
"STC","TXD_Camion","CO2",2047,0.789550403912999
"STC","TXD_Camion","CO2",2048,0.750073295223
"STC","TXD_Camion","CO2",2049,0.712568670281998
"STC","TXD_Camion","CO2",2050,0.676940511104999
"STC","TXD_Especial","CO2",2019,3.7753375617
"STC","TXD_Especial","CO2",2020,1.5183937782
"STC","TXD_Especial","CO2",2021,1.77031900836
"STC","TXD_Especial","CO2",2022,3.93290886024
"STC","TXD_Especial","CO2",2023,4.09517142336001
"STC","TXD_Especial","CO2",2024,4.27505864526
"STC","TXD_Especial","CO2",2025,4.45464996174
"STC","TXD_Especial","CO2",2026,4.63397529582001
"STC","TXD_Especial","CO2",2027,4.81306124574
"STC","TXD_Especial","CO2",2028,4.9919244354
"STC","TXD_Especial","CO2",2029,5.17058813826
"STC","TXD_Especial","CO2",2030,5.34911884991999
"STC","TXD_Especial","CO2",2031,5.35981466718002
"STC","TXD_Especial","CO2",2032,5.3705337579
"STC","TXD_Especial","CO2",2033,5.38127612208001
"STC","TXD_Especial","CO2",2034,5.39203843494
"STC","TXD_Especial","CO2",2035,5.40282402126
"STC","TXD_Especial","CO2",2036,5.41362955625999
"STC","TXD_Especial","CO2",2037,5.42445503994
"STC","TXD_Especial","CO2",2038,5.43530379708
"STC","TXD_Especial","CO2",2039,5.44617582768001
"STC","TXD_Especial","CO2",2040,5.45706780696
"STC","TXD_Especial","CO2",2041,5.45706780696
"STC","TXD_Especial","CO2",2042,5.45706780696
"STC","TXD_Especial","CO2",2043,5.45706780696
"STC","TXD_Especial","CO2",2044,5.45706780696
"STC","TXD_Especial","CO2",2045,5.45706780696
"STC","TXD_Especial","CO2",2046,5.45706780696
"STC","TXD_Especial","CO2",2047,5.45706780696
"STC","TXD_Especial","CO2",2048,5.45706780696
"STC","TXD_Especial","CO2",2049,5.45706780696
"STC","TXD_Especial","CO2",2050,5.45706780696
"STC","TXD_Bus_furgo","CO2",2019,71.3336541120004
"STC","TXD_Bus_furgo","CO2",2020,28.68949916608
"STC","TXD_Bus_furgo","CO2",2021,33.44953542968
"STC","TXD_Bus_furgo","CO2",2022,74.3108822027001
"STC","TXD_Bus_furgo","CO2",2023,77.3767878049499
"STC","TXD_Bus_furgo","CO2",2024,80.7756933372901
"STC","TXD_Bus_furgo","CO2",2025,84.1690344103099
"STC","TXD_Bus_furgo","CO2",2026,79.9605824474399
"STC","TXD_Bus_furgo","CO2",2027,75.9625523556499
"STC","TXD_Bus_furgo","CO2",2028,72.1644259496401
"STC","TXD_Bus_furgo","CO2",2029,68.55620368274
"STC","TXD_Bus_furgo","CO2",2030,65.12839495273
"STC","TXD_Bus_furgo","CO2",2031,61.8719744780299
"STC","TXD_Bus_furgo","CO2",2032,58.77837745061
"STC","TXD_Bus_furgo","CO2",2033,55.8394559121799
"STC","TXD_Bus_furgo","CO2",2034,53.0474836012798
"STC","TXD_Bus_furgo","CO2",2035,50.3951074823799
"STC","TXD_Bus_furgo","CO2",2036,47.8753525929701
"STC","TXD_Bus_furgo","CO2",2037,45.48158811393
"STC","TXD_Bus_furgo","CO2",2038,43.2075079811701
"STC","TXD_Bus_furgo","CO2",2039,41.04713088563
"STC","TXD_Bus_furgo","CO2",2040,38.9947760378301
"STC","TXD_Bus_furgo","CO2",2041,37.04503408533
"STC","TXD_Bus_furgo","CO2",2042,35.19278650109
"STC","TXD_Bus_furgo","CO2",2043,33.43314741839
"STC","TXD_Bus_furgo","CO2",2044,31.7614878662799
"STC","TXD_Bus_furgo","CO2",2045,30.17341153413
"STC","TXD_Bus_furgo","CO2",2046,28.66474507745
"STC","TXD_Bus_furgo","CO2",2047,27.23150418826
"STC","TXD_Bus_furgo","CO2",2048,25.86993237181
"STC","TXD_Bus_furgo","CO2",2049,24.5764330873201
"STC","TXD_Bus_furgo","CO2",2050,23.34761337179
"STC","TXG_auto","CO2",2019,0.133023983400001
"STC","TXG_auto","CO2",2020,0.0535004662499999
"STC","TXG_auto","CO2",2021,0.0623772141299999
"STC","TXG_auto","CO2",2022,0.13857601527
"STC","TXG_auto","CO2",2023,0.14429345238
"STC","TXG_auto","CO2",2024,0.15063151257
"STC","TXG_auto","CO2",2025,0.15695967672
"STC","TXG_auto","CO2",2026,0.14911176357
"STC","TXG_auto","CO2",2027,0.14165615772
"STC","TXG_auto","CO2",2028,0.13457306709
"STC","TXG_auto","CO2",2029,0.12784446675
"STC","TXG_auto","CO2",2030,0.121452331769981
"STC","TXG_auto","CO2",2031,0.11537969751
"STC","TXG_auto","CO2",2032,0.10961065962
"STC","TXG_auto","CO2",2033,0.10413002061
"STC","TXG_auto","CO2",2034,0.09892364328
"STC","TXG_auto","CO2",2035,0.0939773904300001
"STC","TXG_auto","CO2",2036,0.0892785385800003
"STC","TXG_auto","CO2",2037,0.0848147176800001
"STC","TXG_auto","CO2",2038,0.08057391111
"STC","TXG_auto","CO2",2039,0.07654516254
"STC","TXG_auto","CO2",2040,0.07271786907
"STC","TXG_auto","CO2",2041,0.06908213466
"STC","TXG_auto","CO2",2042,0.06562806327
"STC","TXG_auto","CO2",2043,0.0623464657200001
"STC","TXG_auto","CO2",2044,0.05922921312
"STC","TXG_auto","CO2",2045,0.05626782315
"STC","TXG_auto","CO2",2046,0.0534545203499999
"STC","TXG_auto","CO2",2047,0.05078152926
"STC","TXG_auto","CO2",2048,0.0482424881400001
"STC","TXG_auto","CO2",2049,0.0458303283900001
"STC","TXG_auto","CO2",2050,0.0435390417000001
"STC","TXG_moto","CO2",2019,0.139834570289
"STC","TXG_moto","CO2",2020,0.0562397398620001
"STC","TXG_moto","CO2",2021,0.065570776306
"STC","TXG_moto","CO2",2022,0.145670731745
"STC","TXG_moto","CO2",2023,0.151680793796
"STC","TXG_moto","CO2",2024,0.158343629816
"STC","TXG_moto","CO2",2025,0.164995543154
"STC","TXG_moto","CO2",2026,0.171637587753
"STC","TXG_moto","CO2",2027,0.178270721743
"STC","TXG_moto","CO2",2028,0.184895615815
"STC","TXG_moto","CO2",2029,0.191513132286
"STC","TXG_moto","CO2",2030,0.198125666480999
"STC","TXG_moto","CO2",2031,0.198521949049
"STC","TXG_moto","CO2",2032,0.198918998121
"STC","TXG_moto","CO2",2033,0.199316813697
"STC","TXG_moto","CO2",2034,0.199715395777
"STC","TXG_moto","CO2",2035,0.200114840174
"STC","TXG_moto","CO2",2036,0.200515051075
"STC","TXG_moto","CO2",2037,0.200916124293
"STC","TXG_moto","CO2",2038,0.201317964015
"STC","TXG_moto","CO2",2039,0.201720570241
"STC","TXG_moto","CO2",2040,0.202124038784
"STC","TXG_moto","CO2",2041,0.202124038784
"STC","TXG_moto","CO2",2042,0.202124038784
"STC","TXG_moto","CO2",2043,0.202124038784
"STC","TXG_moto","CO2",2044,0.202124038784
"STC","TXG_moto","CO2",2045,0.202124038784
"STC","TXG_moto","CO2",2046,0.202124038784
"STC","TXG_moto","CO2",2047,0.202124038784
"STC","TXG_moto","CO2",2048,0.202124038784
"STC","TXG_moto","CO2",2049,0.202124038784
"STC","TXG_moto","CO2",2050,0.202124038784
"STC","TXG_neta","CO2",2019,28.1094358210559
"STC","TXG_neta","CO2",2020,11.305263938464
"STC","TXG_neta","CO2",2021,13.180980338812
"STC","TXG_neta","CO2",2022,29.282629481384
"STC","TXG_neta","CO2",2023,30.490769137652
"STC","TXG_neta","CO2",2024,31.830125460604
"STC","TXG_neta","CO2",2025,33.167289953156
"STC","TXG_neta","CO2",2026,31.508926414424
"STC","TXG_neta","CO2",2027,29.933479819724
"STC","TXG_neta","CO2",2028,28.436804869812
"STC","TXG_neta","CO2",2029,27.014964489332
"STC","TXG_neta","CO2",2030,25.664216127876
"STC","TXG_neta","CO2",2031,24.3810062804079
"STC","TXG_neta","CO2",2032,23.161956788324
"STC","TXG_neta","CO2",2033,22.003859359876
"STC","TXG_neta","CO2",2034,20.90366461102
"STC","TXG_neta","CO2",2035,19.858482065416
"STC","TXG_neta","CO2",2036,18.865558236124
"STC","TXG_neta","CO2",2037,17.922279365392
"STC","TXG_neta","CO2",2038,17.02616594508
"STC","TXG_neta","CO2",2039,16.17485901772
"STC","TXG_neta","CO2",2040,15.36611469694
"STC","TXG_neta","CO2",2041,14.59780964704
"STC","TXG_neta","CO2",2042,13.867919164688
"STC","TXG_neta","CO2",2043,13.174522658496
"STC","TXG_neta","CO2",2044,12.515795429656
"STC","TXG_neta","CO2",2045,11.890005932152
"STC","TXG_neta","CO2",2046,11.295507553396
"STC","TXG_neta","CO2",2047,10.730730394864
"STC","TXG_neta","CO2",2048,10.194194971036
"STC","TXG_neta","CO2",2049,9.684484811516
"STC","TXG_neta","CO2",2050,9.20026015997201
"IS","PWRDIE","CO2",2019,29.49921
"IS","PWRDIE","CO2",2020,18.15336
"IS","PWRDIE","CO2",2021,20.42253
"IS","PWRDIE","CO2",2022,31.76838
"IS","PWRDIE","CO2",2023,31.76838
"IS","PWRDIE","CO2",2024,34.03755
"IS","PWRDIE","CO2",2025,34.03755
"IS","PWRDIE","CO2",2026,34.03755
"IS","PWRDIE","CO2",2027,34.03755
"IS","PWRDIE","CO2",2028,34.03755
"IS","PWRDIE","CO2",2029,34.03755
"IS","PWRDIE","CO2",2030,34.03755
"IS","PWRDIE","CO2",2031,34.03755
"IS","PWRDIE","CO2",2032,34.03755
"IS","PWRDIE","CO2",2033,34.03755
"IS","PWRDIE","CO2",2040,0.00506754487170468
"IS","TXD_neta","CO2",2019,0.0611045932800004
"IS","TXD_neta","CO2",2020,0.024575632
"IS","TXD_neta","CO2",2021,0.028652713216
"IS","TXD_neta","CO2",2022,0.0636548663039999
"IS","TXD_neta","CO2",2023,0.0662808559360001
"IS","TXD_neta","CO2",2024,0.0691925036799998
"IS","TXD_neta","CO2",2025,0.072099419136
"IS","TXD_neta","CO2",2026,0.0684942760959999
"IS","TXD_neta","CO2",2027,0.0650693902079999
"IS","TXD_neta","CO2",2028,0.0618161573119999
"IS","TXD_neta","CO2",2029,0.0587251128319998
"IS","TXD_neta","CO2",2030,0.0557889432319999
"IS","TXD_neta","CO2",2031,0.05299947456
"IS","TXD_neta","CO2",2032,0.0503493932800001
"IS","TXD_neta","CO2",2033,0.0478322462720001
"IS","TXD_neta","CO2",2034,0.0454402897919999
"IS","TXD_neta","CO2",2035,0.043168361344
"IS","TXD_neta","CO2",2036,0.041010007808
"IS","TXD_neta","CO2",2037,0.03895963648
"IS","TXD_neta","CO2",2038,0.0370116546559999
"IS","TXD_neta","CO2",2039,0.03516089984
"IS","TXD_neta","CO2",2040,0.033403069952
"IS","TXD_neta","CO2",2041,0.031733002496
"IS","TXD_neta","CO2",2042,0.030145965184
"IS","TXD_neta","CO2",2043,0.0286389465600001
"IS","TXD_neta","CO2",2044,0.0272067841280001
"IS","TXD_neta","CO2",2045,0.0258464664320001
"IS","TXD_neta","CO2",2046,0.0245541216
"IS","TXD_neta","CO2",2047,0.023326307968
"IS","TXD_neta","CO2",2048,0.02216001408
"IS","TXD_neta","CO2",2049,0.02105222848
"IS","TXD_neta","CO2",2050,0.019999509504
"IS","TXD_Camion","CO2",2019,0.024608549952
"IS","TXD_Camion","CO2",2020,0.00989740819200001
"IS","TXD_Camion","CO2",2021,0.011539657248
"IS","TXD_Camion","CO2",2022,0.025635359232
"IS","TXD_Camion","CO2",2023,0.0266931665280001
"IS","TXD_Camion","CO2",2024,0.0278659248
"IS","TXD_Camion","CO2",2025,0.029036745696
"IS","TXD_Camion","CO2",2026,0.030205629216
"IS","TXD_Camion","CO2",2027,0.03137257536
"IS","TXD_Camion","CO2",2028,0.032538875712
"IS","TXD_Camion","CO2",2029,0.033703238688
"IS","TXD_Camion","CO2",2030,0.034866955872
"IS","TXD_Camion","CO2",2031,0.0349367014080001
"IS","TXD_Camion","CO2",2032,0.0350064469440001
"IS","TXD_Camion","CO2",2033,0.03507619248
"IS","TXD_Camion","CO2",2034,0.0351465838079999
"IS","TXD_Camion","CO2",2035,0.0352169751359999
"IS","TXD_Camion","CO2",2036,0.0352873664639999
"IS","TXD_Camion","CO2",2037,0.0353577577920001
"IS","TXD_Camion","CO2",2038,0.0354287949119999
"IS","TXD_Camion","CO2",2039,0.03549918624
"IS","TXD_Camion","CO2",2040,0.03557022336
"IS","TXD_Camion","CO2",2041,0.0355702233600001
"IS","TXD_Camion","CO2",2042,0.0355702233600001
"IS","TXD_Camion","CO2",2043,0.0355702233600001
"IS","TXD_Camion","CO2",2044,0.0355702233600001
"IS","TXD_Camion","CO2",2045,0.0355702233600001
"IS","TXD_Camion","CO2",2046,0.0355702233600001
"IS","TXD_Camion","CO2",2047,0.0355702233600001
"IS","TXD_Camion","CO2",2048,0.0355702233600001
"IS","TXD_Camion","CO2",2049,0.0355702233600001
"IS","TXD_Camion","CO2",2050,0.0355702233600001
"IS","TXD_Especial","CO2",2019,0.0651246432000001
"IS","TXD_Especial","CO2",2020,0.0261922832
"IS","TXD_Especial","CO2",2021,0.03053783888
"IS","TXD_Especial","CO2",2022,0.0678424740800002
"IS","TXD_Especial","CO2",2023,0.0706416912000001
"IS","TXD_Especial","CO2",2024,0.0737445416
"IS","TXD_Especial","CO2",2025,0.0768426966400003
"IS","TXD_Especial","CO2",2026,0.07300032704
"IS","TXD_Especial","CO2",2027,0.0693504671999999
"IS","TXD_Especial","CO2",2028,0.0658829438400002
"IS","TXD_Especial","CO2",2029,0.0625891487999998
"IS","TXD_Especial","CO2",2030,0.0594596913599999
"IS","TXD_Especial","CO2",2031,0.0564867459200001
"IS","TXD_Especial","CO2",2032,0.0536624868800001
"IS","TXD_Especial","CO2",2033,0.05097908864
"IS","TXD_Especial","CO2",2034,0.0484302907200001
"IS","TXD_Especial","CO2",2035,0.04600826752
"IS","TXD_Especial","CO2",2036,0.04370832368
"IS","TXD_Especial","CO2",2037,0.0415226336
"IS","TXD_Especial","CO2",2038,0.03944650192
"IS","TXD_Especial","CO2",2039,0.0374744507199999
"IS","TXD_Especial","CO2",2040,0.03560021952
"IS","TXD_Especial","CO2",2041,0.03382067808
"IS","TXD_Especial","CO2",2042,0.03212956592
"IS","TXD_Especial","CO2",2043,0.0305229702400001
"IS","TXD_Especial","CO2",2044,0.0289969782400001
"IS","TXD_Especial","CO2",2045,0.0275468945600001
"IS","TXD_Especial","CO2",2046,0.02616958896
"IS","TXD_Especial","CO2",2047,0.02486114864
"IS","TXD_Especial","CO2",2048,0.02361844336
"IS","TXD_Especial","CO2",2049,0.02243756032
"IS","TXD_Especial","CO2",2050,0.02131536928
"IS","TXD_Bus_furgo","CO2",2019,0.1272737772
"IS","TXD_Bus_furgo","CO2",2020,0.051187982805
"IS","TXD_Bus_furgo","CO2",2021,0.059680972935
"IS","TXD_Bus_furgo","CO2",2022,0.132585730065
"IS","TXD_Bus_furgo","CO2",2023,0.13805588727
"IS","TXD_Bus_furgo","CO2",2024,0.144120117915
"IS","TXD_Bus_furgo","CO2",2025,0.15017466258
"IS","TXD_Bus_furgo","CO2",2026,0.142665606585
"IS","TXD_Bus_furgo","CO2",2027,0.13553268948
"IS","TXD_Bus_furgo","CO2",2028,0.12875573214
"IS","TXD_Bus_furgo","CO2",2029,0.122318591265
"IS","TXD_Bus_furgo","CO2",2030,0.11620270206
"IS","TXD_Bus_furgo","CO2",2031,0.110391921225
"IS","TXD_Bus_furgo","CO2",2032,0.104872526955
"IS","TXD_Bus_furgo","CO2",2033,0.0996291831150002
"IS","TXD_Bus_furgo","CO2",2034,0.0946473607350002
"IS","TXD_Bus_furgo","CO2",2035,0.0899149523400002
"IS","TXD_Bus_furgo","CO2",2036,0.08541904329
"IS","TXD_Bus_furgo","CO2",2037,0.081148333275
"IS","TXD_Bus_furgo","CO2",2038,0.0770907148199998
"IS","TXD_Bus_furgo","CO2",2039,0.073236501945
"IS","TXD_Bus_furgo","CO2",2040,0.0695743943399999
"IS","TXD_Bus_furgo","CO2",2041,0.0660955131899999
"IS","TXD_Bus_furgo","CO2",2042,0.06279097968
"IS","TXD_Bus_furgo","CO2",2043,0.0596519149950002
"IS","TXD_Bus_furgo","CO2",2044,0.0566686331550001
"IS","TXD_Bus_furgo","CO2",2045,0.0538354840050001
"IS","TXD_Bus_furgo","CO2",2046,0.0511435887300001
"IS","TXD_Bus_furgo","CO2",2047,0.0485864900100001
"IS","TXD_Bus_furgo","CO2",2048,0.0461569233600002
"IS","TXD_Bus_furgo","CO2",2049,0.043849238625
"IS","TXD_Bus_furgo","CO2",2050,0.041656978485
"IS","TXG_auto","CO2",2019,0.000642817596000003
"IS","TXG_auto","CO2",2020,0.00025857183
"IS","TXG_auto","CO2",2021,0.000301456914
"IS","TXG_auto","CO2",2022,0.00066964944
"IS","TXG_auto","CO2",2023,0.000697283945999998
"IS","TXG_auto","CO2",2024,0.000727899768000002
"IS","TXG_auto","CO2",2025,0.000758515590000001
"IS","TXG_auto","CO2",2026,0.000720561144
"IS","TXG_auto","CO2",2027,0.000684556020000001
"IS","TXG_auto","CO2",2028,0.000650385552
"IS","TXG_auto","CO2",2029,0.000617820408
"IS","TXG_auto","CO2",2030,0.000586975254
"IS","TXG_auto","CO2",2031,0.000557620758
"IS","TXG_auto","CO2",2032,0.000529756920000001
"IS","TXG_auto","CO2",2033,0.000503269074
"IS","TXG_auto","CO2",2034,0.000478042553999999
"IS","TXG_auto","CO2",2035,0.000454192026000001
"IS","TXG_auto","CO2",2036,0.000431488158
"IS","TXG_auto","CO2",2037,0.00040993095
"IS","TXG_auto","CO2",2038,0.000389405736
"IS","TXG_auto","CO2",2039,0.000369912516
"IS","TXG_auto","CO2",2040,0.00035145129
"IS","TXG_auto","CO2",2041,0.000333907392
"IS","TXG_auto","CO2",2042,0.000317166156
"IS","TXG_auto","CO2",2043,0.000301342248
"IS","TXG_auto","CO2",2044,0.000286206336
"IS","TXG_auto","CO2",2045,0.000271873086
"IS","TXG_auto","CO2",2046,0.000258342498
"IS","TXG_auto","CO2",2047,0.00024538524
"IS","TXG_auto","CO2",2048,0.000233115978
"IS","TXG_auto","CO2",2049,0.000221534712
"IS","TXG_auto","CO2",2050,0.00021041211
"IS","TXG_moto","CO2",2019,0.000374969276
"IS","TXG_moto","CO2",2020,0.000150811023
"IS","TXG_moto","CO2",2021,0.000175832217
"IS","TXG_moto","CO2",2022,0.000390630988000001
"IS","TXG_moto","CO2",2023,0.000406748606
"IS","TXG_moto","CO2",2024,0.000424609393999998
"IS","TXG_moto","CO2",2025,0.000442443364000001
"IS","TXG_moto","CO2",2026,0.000460263925
"IS","TXG_moto","CO2",2027,0.000478044258999999
"IS","TXG_moto","CO2",2028,0.000495811183999999
"IS","TXG_moto","CO2",2029,0.000513551291
"IS","TXG_moto","CO2",2030,0.000531291398
"IS","TXG_moto","CO2",2031,0.000532350709000001
"IS","TXG_moto","CO2",2032,0.00053341002
"IS","TXG_moto","CO2",2033,0.000534482739999999
"IS","TXG_moto","CO2",2034,0.000535555459999999
"IS","TXG_moto","CO2",2035,0.000536614770999999
"IS","TXG_moto","CO2",2036,0.0005377009
"IS","TXG_moto","CO2",2037,0.000538773619999999
"IS","TXG_moto","CO2",2038,0.00053984634
"IS","TXG_moto","CO2",2039,0.000540932468999999
"IS","TXG_moto","CO2",2040,0.000542005188999999
"IS","TXG_moto","CO2",2041,0.000542005188999999
"IS","TXG_moto","CO2",2042,0.000542005188999999
"IS","TXG_moto","CO2",2043,0.000542005188999999
"IS","TXG_moto","CO2",2044,0.000542005188999999
"IS","TXG_moto","CO2",2045,0.000542005188999999
"IS","TXG_moto","CO2",2046,0.000542005188999999
"IS","TXG_moto","CO2",2047,0.000542005188999999
"IS","TXG_moto","CO2",2048,0.000542005189000001
"IS","TXG_moto","CO2",2049,0.000542005189000001
"IS","TXG_moto","CO2",2050,0.000542005188999999
"IS","TXG_neta","CO2",2019,0.249093726882
"IS","TXG_neta","CO2",2020,0.100182206124
"IS","TXG_neta","CO2",2021,0.11680426758
"IS","TXG_neta","CO2",2022,0.259489968738
"IS","TXG_neta","CO2",2023,0.270195747821999
"IS","TXG_neta","CO2",2024,0.282064702919999
"IS","TXG_neta","CO2",2025,0.293913928308
"IS","TXG_neta","CO2",2026,0.279218363423999
"IS","TXG_neta","CO2",2027,0.265257620628
"IS","TXG_neta","CO2",2028,0.25199443269
"IS","TXG_neta","CO2",2029,0.239394601446
"IS","TXG_neta","CO2",2030,0.227425244046
"IS","TXG_neta","CO2",2031,0.216053916078
"IS","TXG_neta","CO2",2032,0.205251242196
"IS","TXG_neta","CO2",2033,0.19498872393
"IS","TXG_neta","CO2",2034,0.185239178124
"IS","TXG_neta","CO2",2035,0.175977175374
"IS","TXG_neta","CO2",2036,0.167178163152
"IS","TXG_neta","CO2",2037,0.158819342682
"IS","TXG_neta","CO2",2038,0.150878353626
"IS","TXG_neta","CO2",2039,0.143334589398
"IS","TXG_neta","CO2",2040,0.13616788185
"IS","TXG_neta","CO2",2041,0.129359378148
"IS","TXG_neta","CO2",2042,0.122891540772
"IS","TXG_neta","CO2",2043,0.116746832202
"IS","TXG_neta","CO2",2044,0.11090946867
"IS","TXG_neta","CO2",2045,0.105364104846
"IS","TXG_neta","CO2",2046,0.100095833838
"IS","TXG_neta","CO2",2047,0.0950910640680002
"IS","TXG_neta","CO2",2048,0.0903366423959999
"IS","TXG_neta","CO2",2049,0.0858198541200001
"IS","TXG_neta","CO2",2050,0.0815288614140001
"FL","PWRDIE","CO2",2019,1.361502
"FL","PWRDIE","CO2",2020,0.907668
"FL","PWRDIE","CO2",2021,1.134585
"FL","PWRDIE","CO2",2022,1.361502
"FL","PWRDIE","CO2",2023,1.361502
"FL","PWRDIE","CO2",2024,1.588419
"FL","PWRDIE","CO2",2025,1.588419
"FL","PWRDIE","CO2",2026,1.588419
"FL","PWRDIE","CO2",2027,1.588419
